Instance Index,Best Algorithm,Algorithm 2,Algorithm 3,Algorithm 4,Algorithm 5,Algorithm 6,Algorithm 7,Algorithm 8,Algorithm 9,Algorithm 10
80,791.575803315505,651.37214991697,806.783284656688,717.708153211643,776.252128986371,641.116240218805,733.383378629532,699.927137485946,695.105866951294,850.711749002654
80,654.684416576104,837.293332139933,681.73906822398,714.720898925995,792.929169853931,735.89692796462,830.002871751687,695.218124737441,756.360889084346,736.263887597581
80,627.308001034755,722.437992029845,680.682588419897,637.627380767181,706.010996773167,765.410174357169,722.591327494129,653.615996686034,689.665101792323,696.153917830613
80,607.384743100766,654.961663438552,710.064097905346,784.544284161927,720.595825639842,660.894347318007,670.267660903547,802.81665416796,821.044071423198,752.123417143754
80,807.486262265443,647.186771776162,647.973322799158,729.316475367385,599.525808336383,803.376319112272,686.0941315656,850.726558737517,760.58236309699,733.552893650761
