Instance Index,Best Algorithm,Algorithm 2,Algorithm 3,Algorithm 4,Algorithm 5,Algorithm 6,Algorithm 7,Algorithm 8,Algorithm 9,Algorithm 10
80,4946.0506728027,5332.19922452298,5975.04905605795,5290.7267368042,6232.89935925343,5703.60145399088,5928.91006888239,5687.48269810433,6218.2651339978,6515.99004603907
80,5751.3869913934,5667.59809027629,5347.73769758268,5340.81994485433,6135.1706304434,5923.93578071957,6309.19266865459,5876.22446713307,4987.01302181728,5898.10805436568
80,5633.65910430751,5795.01245115591,6090.92919620682,5799.67077417242,5402.47831195709,5801.37159727688,4383.27473991975,5243.4574578404,6177.06347531566,4705.34777323482
80,5350.12890800122,5787.37528513747,5423.7481280169,5662.16688566421,5159.18030107445,5390.33724866117,6452.82528102668,5895.1397414843,6212.30089003681,6429.97415451566
80,5362.25977845074,4999.36414864221,4878.45943470252,5766.72061460995,5059.58848953763,5291.77376080731,5645.44987058713,6035.73158369698,5730.91212707494,6079.43898126397
