Instance Index,Best Algorithm,Algorithm 2,Algorithm 3,Algorithm 4,Algorithm 5,Algorithm 6,Algorithm 7,Algorithm 8,Algorithm 9,Algorithm 10
80,-572.706189785886,-566.685481278427,-564.262976373748,-564.402007975188,-567.809000636147,-567.041533242342,-566.708329075927,-569.484126335915,-559.461759056684,-562.511494777124
80,-568.683412183467,-564.449981895579,-569.734465326387,-562.156352345634,-562.094844300962,-563.781774540762,-563.094320919805,-566.427270489738,-565.171093316307,-563.927873927807
80,-570.465009948239,-562.369610630803,-570.558704939389,-567.826456463622,-571.739907309259,-567.959907072593,-561.499777329248,-566.46598762777,-564.72291978673,-565.3995832568
80,-572.946495837465,-570.269410077063,-570.867735796647,-571.308396529379,-567.066736142051,-567.290603397874,-567.378363050035,-563.106452519302,-568.098077618457,-563.594138471273
80,-570.126958138735,-573.949451312364,-561.70135618355,-568.541312037629,-563.766204168206,-565.651903509122,-571.162216066813,-563.416850190707,-567.555158501309,-567.790160040921
