Instance Index,Best Algorithm,Algorithm 2,Algorithm 3,Algorithm 4,Algorithm 5,Algorithm 6,Algorithm 7,Algorithm 8,Algorithm 9,Algorithm 10
80,-236.482043208342,-174.627493192715,-153.060612895625,-152.764291579515,-149.834865698495,-111.316366182949,-74.8360465585783,24.8732560393404,-90.1859092402807,30.1328921584143
80,-173.949072624491,18.5180879527529,-119.512403669868,-82.2831046539253,-79.0234336904913,-118.414188267302,-141.272926901526,-129.026030233159,-20.7490556038428,-110.653962969687
80,-171.701611424467,-174.240992014503,-127.009644704645,-98.4237960294624,-128.787972739576,-149.056311775182,-179.726476901505,-124.250265133154,-99.25895083488,-183.197457466121
80,-185.493019142824,-144.227268152043,-116.186074642784,-136.654387084141,-104.68339266075,-105.904805890242,-86.5043225556946,-113.086782985985,-157.450651664316,-94.4626122119387
80,-41.1071515162558,-168.189149184616,-126.116785704355,-142.620189122344,-145.664048998499,-89.9762405896781,-61.8198439698664,-151.828877208669,-100.435705256008,-67.5299665340779
