Instance Index,Best Algorithm,Algorithm 2,Algorithm 3,Algorithm 4,Algorithm 5,Algorithm 6,Algorithm 7,Algorithm 8,Algorithm 9,Algorithm 10
80,638.180458187212,638.099903425529,638.782801846734,638.545594794881,638.926543272606,638.638382342983,638.713745227689,638.734097197153,638.397539084048,638.945051539397
80,638.931098360744,639.000670983193,638.90915207433,638.732013397801,638.171886626031,638.673247972694,638.919898522023,638.418486761317,638.639691536862,638.570588537878
80,638.559468250357,638.701257491878,638.067936404045,638.46451176259,638.959156121272,638.759964386066,638.615950415408,638.948554039471,638.761264188644,638.938261406517
80,638.557887233179,638.50715639627,638.571416167504,638.715974600185,638.337878906322,638.792016932994,638.384281290921,638.596086913699,638.962978871744,638.767308695426
80,638.348256752876,638.298118471623,638.525693449611,638.570073270002,638.680757256986,638.235877994239,638.613195431237,638.708480270866,638.846615423371,638.832922373876
