Instance Index,Best Algorithm,Algorithm 2,Algorithm 3,Algorithm 4,Algorithm 5,Algorithm 6,Algorithm 7,Algorithm 8,Algorithm 9,Algorithm 10
80,3750.128246276,4189.08780880219,3841.01033097382,4614.66314185415,4326.80211193026,4539.74405005073,4439.93092641027,5449.83569335001,4631.38064104446,4953.91438575217
80,4634.3134824964,4264.39886238443,4574.83218807545,4014.57603144682,4141.80333948365,4770.75991680712,4295.33621367449,4135.84220606338,3992.04861484517,4462.13071897607
80,4223.65815638373,4448.76811834997,3927.27335711218,3846.77086754349,4515.2881139585,4097.07748446727,4671.15371999239,4622.09700341807,4741.1495468807,4447.07009948943
80,3741.08861062944,4072.8695629503,3835.94247840324,4694.09019712445,4384.01934598895,3882.8226500713,4409.32688757159,4059.73318988846,4348.38751385162,4694.30149739026
80,3879.4969506971,3725.09341908605,4804.35585401445,4258.93308755129,4260.61919480797,4578.15818086022,4614.36376087645,4284.7283985557,5116.32974226233,4537.86709237899
