Instance Index,Best Algorithm,Algorithm 2,Algorithm 3,Algorithm 4,Algorithm 5,Algorithm 6,Algorithm 7,Algorithm 8,Algorithm 9,Algorithm 10
80,782.997317899287,694.391081712879,669.274780914399,659.191175723028,666.15418898836,696.415065474614,722.408205853388,685.511799640716,761.05313198914,678.319424445591
80,555.722371149409,516.528835777458,783.40610811687,672.333721498285,731.157812270393,673.887728950367,716.06473119473,777.660444413738,572.757310353105,862.604162069284
80,660.995489947326,784.188934679279,661.022204904767,685.868786196897,727.556810980289,709.734011135083,589.456407365409,599.775377858464,746.184474856744,685.32090503004
80,560.498500565435,722.179304946702,703.849674832585,712.95328508957,743.582273281244,838.15350155925,775.366065967073,563.864486619568,693.087439852784,647.538155898059
80,793.585618335398,676.940758629387,644.944386982074,745.545935775235,622.294591504242,594.035489842354,716.088650866168,896.731337621764,785.798901463306,698.043365942085
