Instance Index,Best Algorithm,Algorithm 2,Algorithm 3,Algorithm 4,Algorithm 5,Algorithm 6,Algorithm 7,Algorithm 8,Algorithm 9,Algorithm 10
80,6138.52276032317,6636.25908559745,5964.90608748998,5808.94563953466,5312.7422642476,5984.60993482495,5764.52281471895,6016.22320696507,7136.96237021491,5488.54742644984
80,4791.36569168642,5487.40256945014,5685.72459937637,5614.77121672876,5363.93860748211,5247.82593916389,5556.57306314776,6273.16270333458,5451.04759464665,4793.98125970587
80,4280.39326079574,4667.86403879501,4401.41674453973,4944.20866644117,5865.03738881111,6218.8777904788,6549.96031468232,6552.02603641229,5058.95428336148,5128.15326190031
80,5358.40730469874,4595.33348318076,5144.0781660334,5820.86832659959,5067.79409353251,4996.0816674761,5273.97699847052,4781.95469207491,5835.35736430999,6128.85441408466
80,5554.00849793084,4840.02194080856,5049.39744217804,5183.19373342905,5918.42131569165,5401.98175653456,5483.1579837882,5201.30133236928,5575.51057314848,7584.49989454477
