Instance Index,Best Algorithm,Algorithm 2,Algorithm 3,Algorithm 4,Algorithm 5,Algorithm 6,Algorithm 7,Algorithm 8,Algorithm 9,Algorithm 10
80,646.68122291571,968.92289809642,1222.94071081078,1026.19888588487,910.968858239443,577.460540787625,939.03698373495,566.117084013491,1323.5682833588,1908.15781148472
80,718.271068187517,541.542909829824,643.186162539783,574.978708814028,781.892292974622,627.831244112936,557.559582469454,1225.7318233813,442.249468806628,1923.89225459583
80,857.32864279475,623.112666179549,218.58928316422,884.46417227658,878.375668492654,1587.46187312351,543.287209858639,1075.25795113234,1239.70326520542,2144.43381944129
80,581.049973346543,911.676235071859,1106.55328489849,977.40589793665,1074.12607159568,1513.91913818257,957.018566879739,1099.0812199299,1164.82092757961,1952.40262661509
80,842.539231973455,968.667611982518,847.79253066838,616.117262213101,772.659390395057,332.73180631325,1701.71784197062,945.963042155795,1451.78364780208,2174.64568987526
