Instance Index,Best Algorithm,Algorithm 2,Algorithm 3,Algorithm 4,Algorithm 5,Algorithm 6,Algorithm 7,Algorithm 8,Algorithm 9,Algorithm 10
80,-678.64154109196,-678.642111173455,-678.614954999351,-678.652091813832,-678.668921586599,-678.631536622654,-678.599565975123,-678.65811581329,-678.603901904893,-678.685508238398
80,-678.615550446729,-678.658374075252,-678.692467419353,-678.708207848072,-678.582877519707,-678.607905154145,-678.638451680661,-678.628061718556,-678.60988740903,-678.609343213466
80,-678.625301962994,-678.635483695272,-678.648171777996,-678.657220550061,-678.722344405789,-678.669770431297,-678.625814269906,-678.606663643017,-678.652243738902,-678.603085772769
80,-678.646520561269,-678.677739862604,-678.607586621567,-678.629529976248,-678.604216406069,-678.693821758306,-678.733669578658,-678.62538957433,-678.587866069863,-678.620179912421
80,-678.823062380211,-678.649562824824,-678.686666222527,-678.582785137688,-678.64892456724,-678.610289307496,-678.597148980652,-678.609182752078,-678.66169643149,-678.582892432051
