Instance Index,Best Algorithm,Algorithm 2,Algorithm 3,Algorithm 4,Algorithm 5,Algorithm 6,Algorithm 7,Algorithm 8,Algorithm 9,Algorithm 10
80,2961.5031754081,2720.98122804633,2596.79660447278,2736.81378429268,2659.31831554109,2788.97212025453,2844.64036898035,2925.83160053199,2861.64621017291,2990.65822942739
80,2658.54772528894,2775.05287160618,2700.38918405768,2830.9650688271,2826.58424575764,2597.6019779776,2549.05164432148,2674.24918160309,2939.41685757041,2729.04598010386
80,2645.65132595328,2427.5944087846,2735.45378114976,2561.41273996814,2846.69972177744,2938.88407063643,2695.91162232004,2674.89523408879,2495.73994256306,2460.84751014987
80,2377.18939185673,2725.58167551838,2651.24621600367,2630.64032953717,2546.35319525171,2557.9722464528,2811.58470045128,2618.3302793866,2682.41293538533,2926.85649397086
80,2446.29682606223,2550.7576111585,2661.30174293675,2632.66003888417,2633.46942736873,2689.48049619788,2758.13601943689,2811.44859400842,2803.3765579342,2766.16953038594
