Instance Index,Best Algorithm,Algorithm 2,Algorithm 3,Algorithm 4,Algorithm 5,Algorithm 6,Algorithm 7,Algorithm 8,Algorithm 9,Algorithm 10
80,2195.17829098339,833.121114615133,1672.13565677019,718.728662456585,1188.93607911024,615.631168338472,14514.840904288,749.058995167444,2738.97609900327,176233.320994903
80,1201.76955631754,1182.07831938894,793.300347577751,6087.28128555445,4889.98076818212,20121.3999852199,17519.9653262527,55919.1446808284,836.486535319311,2359.54800002607
80,2491.05983506572,5098.16288785819,6327.72866404705,2640.74037874074,6277.49237366338,1681.88827202637,15599.8054984275,2625.26838322479,682.349901595645,3165.74516954467
80,837.600268265852,744.691501821351,932.628441959353,1155.54457427274,595.774050538801,726.90153091682,676.825839295808,3693.50015664607,1167.32042272723,312596.793648952
80,2284.81331075226,2142.72336508432,2446.22663175047,2521.83035465607,4938.98804212844,5981.10160594622,736.595986471646,893.64862911732,256619.329760597,8358.08868069868
