Instance Index,Best Algorithm,Algorithm 2,Algorithm 3,Algorithm 4,Algorithm 5,Algorithm 6,Algorithm 7,Algorithm 8,Algorithm 9,Algorithm 10
80,-267.280949482732,515.526434650857,-278.640285536455,560.978454571704,365.094230974201,370.167338194464,372.849070296253,505.186606657021,1510.3643986407,679.681425952596
80,-72.478067222576,124.440666678495,239.257246626888,653.972012935884,-125.046730712409,301.166116446879,-246.645876100273,99.7055603843428,707.71256603259,1009.65858367268
80,-17.4779349806837,36.6464384964138,180.689517890465,164.424097335018,294.505656433793,306.909456971581,334.955646133543,303.329668137934,976.15541293224,982.698977596492
80,-10.8336472475731,-329.558545969302,34.3911412462719,-155.964566392032,261.579931183644,159.582351577927,311.050700229146,758.045015490636,510.142520489384,752.816681834913
80,108.454276415846,-39.3221145983698,275.660265327153,-25.7457768019074,452.945376756532,187.598645485854,795.055256330159,639.349261714348,350.971673569503,1016.70099997563
