Instance Index,Best Algorithm,Algorithm 2,Algorithm 3,Algorithm 4,Algorithm 5,Algorithm 6,Algorithm 7,Algorithm 8,Algorithm 9,Algorithm 10
80,432.091880100282,-467.359512252271,65.0745227196821,419.662883812282,-25.837563989199,73.9185985440447,-95.9432954200088,-28.8695794633099,132.379812512527,36.1389499945228
80,-19.8408497974488,322.943262910955,431.259434052399,178.92284034194,195.728166098008,108.274260575537,-237.217182847185,328.109375016413,95.6563840880449,190.131482864822
80,-569.072244341108,-156.433997414092,-311.373675841747,120.459261999188,323.251220199032,-27.2166397836841,397.108954989138,392.272610152449,-151.065436936397,134.662198235581
80,39.1544954687718,154.995028792188,81.5429638585929,-163.66387737308,196.028101054317,180.804181554078,127.42670615425,-149.370009395636,201.830412464072,576.435631634177
80,-229.191272506975,-54.8457288948157,-78.2647936658618,-182.180105780627,-300.735993801949,120.968322078169,470.93017173058,276.995739608086,644.149165723574,22.3487237697875
