Instance Index,Best Algorithm,Algorithm 2,Algorithm 3,Algorithm 4,Algorithm 5,Algorithm 6,Algorithm 7,Algorithm 8,Algorithm 9,Algorithm 10
80,887.592073093832,1466.10912469576,1429.02775341348,928.068855833296,2977.91916281151,2507.51782350102,2505.82094777563,1848.51471835209,1119.19574427619,1622.00994585834
80,847.428442826573,1101.7593514248,881.926927895391,1760.67176109711,2008.77092674821,574.201940844987,2050.16351594706,2000.0984939997,2801.75150919306,3885.44484457716
80,914.067634551903,1325.71218688163,1787.9179921306,1824.11367777324,1292.86897820851,1075.887755837,1144.34556267089,1508.46942421231,2021.12619467057,2602.53027190643
80,2302.46151532195,985.836188754071,936.605083889911,1124.36051874465,1191.47571756684,3304.28273828032,2525.72825490039,2396.66143390554,2283.67323989372,2229.03023365473
80,578.295305723238,1422.7691229257,1554.48447605215,1393.74885995413,1952.42403430128,2279.48993160396,1913.09060801678,2988.96777732098,2586.38916783553,1765.71183426184
