Instance Index,Best Algorithm,Algorithm 2,Algorithm 3,Algorithm 4,Algorithm 5,Algorithm 6,Algorithm 7,Algorithm 8,Algorithm 9,Algorithm 10
80,132847.184976359,206164.556865557,183390.445555781,163836.395978266,149968.724572738,213808.064307073,175382.906672644,257169.357008826,166864.246971338,209765.850148945
80,196079.62239296,155214.700600484,193913.081212533,207173.53661303,152537.082461284,152975.043953752,197011.543034484,143207.386977663,178381.886790295,285449.196174705
80,118185.348644363,158870.769339606,152740.083874711,149232.064919478,309213.325943181,178135.214140633,148789.304334645,161019.395672285,193836.980971917,188694.600917051
80,188234.938818681,151233.24108608,157145.431371645,165402.697560583,132745.047054959,151716.028839773,165376.420930073,169654.302200699,225982.412308369,172419.148786433
80,164741.483863824,182698.614296733,171726.387714994,192252.866112176,185323.642229539,234407.859164649,260704.779162874,245490.519282764,245353.374368294,180759.917730868
