Instance Index,Best Algorithm,Algorithm 2,Algorithm 3,Algorithm 4,Algorithm 5,Algorithm 6,Algorithm 7,Algorithm 8,Algorithm 9,Algorithm 10
80,4287.39991000665,4352.69737604913,4755.17525426125,4495.06450043785,4517.91612579718,5724.01490975756,4542.95811565076,4905.01205053546,5168.74423196664,4304.21930569758
80,4412.47913139125,4683.08923685291,5237.65616133336,4262.93606107377,5698.0242835498,4486.4852603506,6198.03762111251,7445.67138283924,5911.90919694039,14980.5169258144
80,4643.20073474142,4559.9846080337,4973.78146784261,4744.13869580375,5756.21784825627,4664.65007255966,4746.79829606954,4481.65552294623,5637.69457390283,4332.31963175382
80,4433.30222542519,4287.19010496632,4425.67592855156,5008.71536945882,4325.66776128923,5344.50302988141,4968.61077576406,5135.46143977759,5664.00075844335,5223.3953891829
80,4862.12820039951,5091.66817605236,4250.90375792839,5298.69180602837,4447.49732469693,4710.77642563124,4524.29553064312,4549.31503852998,7417.94781246947,4617.58867401201
