Instance Index,Best Algorithm,Algorithm 2,Algorithm 3,Algorithm 4,Algorithm 5,Algorithm 6,Algorithm 7,Algorithm 8,Algorithm 9,Algorithm 10
80,14596.3817273799,13802.0740906631,15085.9757507163,14909.8204676157,14227.4601319432,16143.9535861087,13283.5355461444,14989.5433099673,14272.0645512231,14826.7316112322
80,12464.7917483457,13630.8540187091,13202.4345658262,15457.8982722517,15288.3013483176,13746.7007722593,14639.5726619005,13857.5461397479,16929.9822928787,14769.9783339293
80,14297.6590022745,13636.4133853886,14295.216813847,14608.1207187079,14509.9007731597,14540.4660455604,16648.5156885777,16338.458912758,15227.1506010594,14543.077158557
80,13440.2189453541,15103.9725777135,13581.3344054777,12543.4069451537,13624.1297597827,14427.668353857,14518.7729016705,15114.9384697781,13905.4001241359,15709.074270708
80,13211.2273790933,14304.451914409,14844.0285861494,13906.5289575095,14019.8113888966,14386.7634727185,15389.5991037458,15411.8432547053,15493.5420845167,16662.1243487091
