Instance Index,Best Algorithm,Algorithm 2,Algorithm 3,Algorithm 4,Algorithm 5,Algorithm 6,Algorithm 7,Algorithm 8,Algorithm 9,Algorithm 10
80,1766.45629101875,1783.33429609975,1648.15759507938,1575.02724346667,1622.83454161544,1526.98930339864,1652.301453695,1796.15187013484,1791.90540638195,1592.80050277886
80,1635.07478343814,1581.82152115312,1605.98703371706,1761.08143242457,1636.93648920763,1579.50875971955,1531.78032724502,1700.43813994427,1565.25484282912,1771.51850182315
80,1511.34856388442,1528.12691762761,1528.67002245913,1773.06786526091,1756.59169921822,1637.17203488075,1759.6151774565,1796.81241995962,1783.59943923093,1799.28070518151
80,1543.97054473649,1569.45409583233,1730.52891962438,1627.46593906015,1775.00539568882,1793.91982158941,1628.16098712968,1555.67938517255,1702.66513463182,1771.25863715016
80,1454.16193403307,1687.40896831914,1719.12397129866,1506.37574006753,1502.45281226652,1791.22476692634,1781.81557404777,1524.47457302586,1698.47885134518,1761.66329233227
