Instance Index,Best Algorithm,Algorithm 2,Algorithm 3,Algorithm 4,Algorithm 5,Algorithm 6,Algorithm 7,Algorithm 8,Algorithm 9,Algorithm 10
80,249067625.507036,114359672.180262,105061047.278629,101937261.145705,134457630.985863,221056722.275457,101588843.861192,203690947.96491,343329848.630262,261483259.508673
80,61798179.5548273,119061175.377485,193962394.048422,81719211.4043045,64543089.921346,38351659.5044084,179359423.669642,97919532.6158278,83979408.0518747,226906771.84664
80,209028139.386422,180839603.370765,56883134.3826237,152720415.197531,130565612.25211,163875645.00616,186941541.366369,128223941.869609,107269591.711027,112053073.041821
80,44217595.9338263,137350024.172648,217099328.620867,174120458.376885,305441683.096425,238792734.545467,217424061.97737,192887035.225092,296346153.927434,496113658.005744
80,72444518.5125712,109735796.852985,92040842.8592857,250913504.425943,136238585.986135,112587446.419275,131102982.751366,349594290.577462,210200426.893636,92525610.8552352
