Instance Index,Best Algorithm,Algorithm 2,Algorithm 3,Algorithm 4,Algorithm 5,Algorithm 6,Algorithm 7,Algorithm 8,Algorithm 9,Algorithm 10
80,1444.99523084685,2574.63734896173,2993.00776071765,1380.74892247718,2118.11155334001,1445.6087522811,2743.04686669594,1335.13407899508,1506.48104097704,2483.74624617771
80,1346.8589541908,2384.63380143627,1428.42632254565,1402.05059431146,1688.77562180368,1373.62434818926,1565.87977709257,1463.24372865265,3070.49335880607,2095.66898503716
80,1991.19453488949,1333.65218930243,1892.87746860874,2122.92218345735,1841.06798206383,1379.9923045709,1251.24941651824,2255.56154363848,2141.92507443347,3426.6685969315
80,1247.9844896701,1275.67986420165,1320.56756179347,2679.51391985238,1718.46632210014,2312.36321998966,2487.35400685243,3065.07052809028,2434.73226711123,1630.26880373407
80,1464.71777277226,1501.35217773733,1477.6974853569,1548.37792308247,1835.70801144778,2819.4293051444,1390.98642524935,1972.63336598357,1443.34341595513,2011.99189308064
