Instance Index,Best Algorithm,Algorithm 2,Algorithm 3,Algorithm 4,Algorithm 5,Algorithm 6,Algorithm 7,Algorithm 8,Algorithm 9,Algorithm 10
80,203.308995469277,204.684101467983,203.411973642392,202.66324815069,204.918778560844,203.565437242863,204.224348344246,204.553443095297,205.031918881979,205.061992311112
80,203.925227558336,203.548927822691,203.305581891076,204.740154117527,204.013589019416,204.219278216175,204.446904481184,204.661790929809,202.891382797441,205.618539576367
80,203.549294632314,203.940240166404,204.824776859623,205.139378180839,204.065700361389,205.634014984896,205.063030175192,205.351313727767,204.341023995346,203.963682478985
80,203.707104881015,204.008562559507,204.728396634257,204.608591305672,203.86646426472,205.443815587972,204.586013931322,204.443483040057,205.22815116743,204.695369510905
80,203.147836055626,203.143027299837,204.181874914511,204.224007584873,205.001991463186,203.089735985914,203.856390182315,203.177363991653,204.805696603603,204.958230076021
