Instance Index,Best Algorithm,Algorithm 2,Algorithm 3,Algorithm 4,Algorithm 5,Algorithm 6,Algorithm 7,Algorithm 8,Algorithm 9,Algorithm 10
80,837.544813525646,703.001966347368,804.891672226029,1009.63199010127,679.105995138999,724.891614421713,645.350818707469,959.832778360059,1017.53553449588,789.716987255967
80,651.812623830357,669.890947712675,605.888100050224,706.591324794406,755.460231785263,635.547395762048,837.021056820464,772.401170888212,1074.38742096725,932.805923115943
80,680.131118050106,575.164345990451,754.446438902106,656.201820740403,936.557051723619,1116.42761876115,727.841685574723,694.388709445159,671.167118437259,750.639327950712
80,623.019431484348,786.544080547668,645.316610813421,740.037005563434,849.774547934163,671.0547188724,1071.25659946076,933.231875130253,797.114565671603,1606.24841159969
80,631.948590530338,690.95820914628,656.646330340465,706.005202576741,636.348174321285,746.951350499778,720.802224929234,841.736053651236,761.742260007414,748.053303142896
