Instance Index,Best Algorithm,Algorithm 2,Algorithm 3,Algorithm 4,Algorithm 5,Algorithm 6,Algorithm 7,Algorithm 8,Algorithm 9,Algorithm 10
80,20275.494260726,22044.256967441,23238.5945655521,21972.5613678445,23423.3152698308,24431.720618508,24473.1764503762,21988.328943628,24021.2374678478,22324.3643088121
80,20062.9487623311,23156.1980507865,22691.7701372099,19475.3679780848,23034.6882028884,18789.0181534711,21728.4995929413,23520.20345473,20808.7106728046,24741.8368973939
80,23027.9094434578,20460.2317045163,19782.3362963336,23646.2324007435,22948.6010216225,22057.1247416117,19776.2390069694,22893.6223926727,23275.0932563994,22960.9907081732
80,20486.669244514,20629.6991940536,22344.9485993927,22469.1494457818,21596.4505879746,23571.4979867775,23720.3339967279,21346.9370266344,20708.6026110405,21577.7824391879
80,20548.3531146914,23251.6422668746,22144.2135241149,22793.7438290548,19915.0581294632,22664.961264725,22586.6571611998,22571.962130639,24558.9597301175,23713.0656838214
