Instance Index,Best Algorithm,Algorithm 2,Algorithm 3,Algorithm 4,Algorithm 5,Algorithm 6,Algorithm 7,Algorithm 8,Algorithm 9,Algorithm 10
80,-612.380476325604,-623.768920311958,-623.405533670281,-655.938968176312,-633.189480409672,-602.361803491658,-591.350674425432,-661.637062619293,-590.672002505045,-578.500788830756
80,-599.104818749446,-616.867797801968,-639.268837958669,-576.960785877236,-609.142528976721,-625.307769246282,-574.712871514681,-632.212848744545,-611.718009809325,-549.631083941444
80,-677.639457129107,-663.798944652091,-648.785141394602,-628.863294438243,-578.720033809946,-652.604377363919,-650.767067936076,-549.028461212431,-643.62572074483,-555.753942273147
80,-639.442030142473,-620.220696795218,-595.062111323409,-649.008572171592,-636.678902031884,-599.531049406726,-595.092501361673,-629.395036312942,-571.294339502024,-618.598967065035
80,-647.989959714922,-644.705631248807,-630.495785567889,-600.912128248644,-637.748453006983,-610.881470455668,-651.086978618194,-534.791159955727,-572.957261141353,-543.558400952617
