Instance Index,Best Algorithm,Algorithm 2,Algorithm 3,Algorithm 4,Algorithm 5,Algorithm 6,Algorithm 7,Algorithm 8,Algorithm 9,Algorithm 10
80,753.900690095468,770.666710242404,773.863420348593,744.108852614204,757.393977697851,780.02322041962,855.471017483621,812.441432977365,810.51015293261,772.730698898344
80,806.021795367982,860.966995274318,734.440838657454,779.522775326396,833.807479208671,809.412824282737,729.854043835295,838.802841046086,705.623217277355,902.972952523545
80,735.007787055303,729.534929717074,755.524418973129,682.17260402902,802.518514803786,779.734855383934,773.826500262956,825.421823890317,872.515910129542,949.836622368827
80,738.139056214228,788.043104188873,815.095483596489,814.915077678464,751.641537252151,786.510370432529,751.901235832073,767.758486246671,815.853634794323,772.274284415914
80,729.235138551492,712.440085810977,788.573004355444,862.166362789034,745.427528444713,735.184219195445,836.54762636917,812.17777694551,875.824645317182,801.42366009915
