Instance Index,Best Algorithm,Algorithm 2,Algorithm 3,Algorithm 4,Algorithm 5,Algorithm 6,Algorithm 7,Algorithm 8,Algorithm 9,Algorithm 10
80,5976.8662136201,1584.89806409848,7025.48705820625,7249.6253051327,6831.6783074933,6600.56026353788,1659.42084389968,6072.09536222155,6854.6754800355,7414.88416570221
80,5731.76357487989,6291.53977079165,1571.15734748266,1602.93116103466,7500.76960881184,6740.15750408562,7129.56848199423,5978.67092111004,5689.69228572351,7425.68406366465
80,1589.79760004658,1570.33054983554,6910.09691840833,6648.09807168515,6395.60115522546,1573.64615879288,7101.41467909138,5837.89013992107,6522.10767342485,7890.19159367788
80,6491.28507215623,6533.44671892026,1569.87255538315,6451.05315228024,1577.17599420919,6627.54268446622,6272.93241952763,6418.30967343198,5123.27441581398,7525.54911657895
80,2423.24931420328,6882.92067099905,6444.9949918855,1614.63164253627,5830.63601409658,6599.99938721696,7028.83287976943,6197.17421984599,7664.85982435411,7153.71990931052
